{
  "flights": [
    {
      "flightId": 101,
      "airline": "IndiGo",
      "origin": "Goa",
      "destination": "Delhi",
      "departureTime": "2025-12-25T10:00:00",
      "arrivalTime": "2025-12-25T12:30:00",
      "price": 4500
    },
    {
      "flightId": 102,
      "airline": "Air India",
      "origin": "Mumbai",
      "destination": "Chennai",
      "departureTime": "2025-12-26T14:00:00",
      "arrivalTime": "2025-12-26T16:00:00",
      "price": 5200
    }
  ]
}
